plan_id,location_id,owner_name,target_metric,baseline_value,target_value,opened_date,due_date,status,last_status_update,notes
AP_001,PCC_011,Dr. Priya Raghunathan,record_completion_24h_pct,90.5,94.0,2026-01-28,2026-05-25,on_track,2026-04-28,
AP_002,PCC_005,Dr. Priya Raghunathan,recheck_compliance_pct,74.0,88.0,2026-02-18,2026-06-13,on_track,2026-04-23,
AP_003,PCC_006,Dr. Priya Raghunathan,avg_wait_time_min,9.5,7.0,2025-12-05,2026-04-19,at_risk,2026-02-22,
AP_004,PCC_010,Dr. Priya Raghunathan,callback_compliance_pct,79.0,88.0,2026-02-13,2026-05-14,on_track,2026-04-30,
AP_005,PCC_041,Dr. Ellis Thornbury,appts_per_doctor_hour,2.49,2.73,2025-12-31,2026-03-06,not_started,2026-03-31,
AP_006,PCC_025,Dr. Sofia Arrellano,record_completion_24h_pct,80.18,89.61,2025-12-17,2026-03-11,not_started,2026-04-02,
AP_007,PCC_002,Dr. Priya Raghunathan,client_csat,4.3,4.55,2025-12-05,2026-03-29,on_track,2026-03-30,
AP_008,PCC_021,Dr. Sofia Arrellano,avg_wait_time_min,18.01,11.36,2026-03-04,2026-04-19,on_track,2026-04-04,
AP_009,PCC_011,Dr. Priya Raghunathan,appts_per_doctor_hour,2.2,2.52,2026-02-15,2026-04-13,complete,2026-04-18,
AP_010,PCC_035,Dr. Ellis Thornbury,recheck_compliance_pct,64.46,73.01,2026-01-07,2026-03-16,not_started,2026-04-25,
AP_011,PCC_030,Dr. Sofia Arrellano,avg_wait_time_min,12.51,7.86,2025-11-23,2026-03-16,complete,2026-04-11,
AP_012,PCC_045,Dr. Ellis Thornbury,recheck_compliance_pct,77.93,89.94,2026-01-26,2026-05-24,on_track,2026-04-18,
AP_013,PCC_033,Dr. Ellis Thornbury,appts_per_doctor_hour,2.29,2.58,2026-01-27,2026-05-08,at_risk,2026-04-03,
AP_014,PCC_019,Dr. Marcus Delaney,client_csat,4.22,4.41,2026-02-09,2026-06-03,not_started,2026-04-25,
AP_015,PCC_018,Dr. Marcus Delaney,appts_per_doctor_hour,2.15,2.41,2025-11-20,2026-01-24,not_started,2026-04-25,
AP_016,PCC_034,Dr. Ellis Thornbury,callback_compliance_pct,83.34,92.55,2025-10-30,2026-03-13,on_track,2026-04-15,
AP_017,PCC_028,Dr. Sofia Arrellano,client_csat,4.25,4.5,2025-12-14,2026-02-10,at_risk,2026-04-21,
AP_018,PCC_042,Dr. Ellis Thornbury,appts_per_doctor_hour,2.38,2.53,2026-01-16,2026-05-29,on_track,2026-04-08,
AP_019,PCC_010,Dr. Priya Raghunathan,appts_per_doctor_hour,2.07,2.33,2025-12-27,2026-04-28,on_track,2026-03-27,
AP_020,PCC_003,Dr. Priya Raghunathan,recheck_compliance_pct,66.0,78.56,2026-03-31,2026-07-21,on_track,2026-05-01,
AP_021,PCC_031,Dr. Ellis Thornbury,callback_compliance_pct,71.21,78.07,2026-01-20,2026-04-03,on_track,2026-04-24,
AP_022,PCC_017,Dr. Marcus Delaney,recheck_compliance_pct,77.05,84.64,2025-12-28,2026-02-11,on_track,2026-04-05,
AP_023,PCC_022,Dr. Sofia Arrellano,record_completion_24h_pct,65.39,77.84,2026-01-03,2026-04-09,on_track,2026-04-22,
AP_024,PCC_006,Dr. Priya Raghunathan,recheck_compliance_pct,65.91,74.6,2026-01-10,2026-04-16,on_track,2026-04-25,
AP_025,PCC_032,Dr. Ellis Thornbury,callback_compliance_pct,81.93,91.66,2026-03-29,2026-06-12,on_track,2026-04-05,
AP_026,PCC_044,Dr. Ellis Thornbury,appts_per_doctor_hour,2.1,2.47,2025-12-07,2026-03-30,on_track,2026-04-17,
AP_027,PCC_007,Dr. Priya Raghunathan,appts_per_doctor_hour,2.5,2.72,2026-04-01,2026-06-07,on_track,2026-04-03,
AP_028,PCC_036,Dr. Ellis Thornbury,avg_wait_time_min,16.89,11.94,2025-12-03,2026-02-18,on_track,2026-04-07,
